{
  "project_info": {
    "project_number": "382582681248",
    "project_id": "realtimechat-e236a",
    "storage_bucket": "realtimechat-e236a.appspot.com"
  },
  "client": [
    {
      "client_info": {
        "mobilesdk_app_id": "1:382582681248:android:2b3537d8029e8577d563c5",
        "android_client_info": {
          "package_name": "com.eurofood.realtime_chat"
        }
      },
      "oauth_client": [
        {
          "client_id": "382582681248-qge7gb3fnlolva2r9se941r1p20l9q89.apps.googleusercontent.com",
          "client_type": 1,
          "android_info": {
            "package_name": "com.eurofood.realtime_chat",
            "certificate_hash": "4665f8f0b32fae6bd8c04e4f5cae89225a5ffa2d"
          }
        },
        {
          "client_id": "382582681248-pvt1hs3e95ccraojt5dtqsjdv7jn29ke.apps.googleusercontent.com",
          "client_type": 3
        }
      ],
      "api_key": [
        {
          "current_key": "AIzaSyDt7M-R7N_uz4FFW_uLE0YBzoQzTdgRqMA"
        }
      ],
      "services": {
        "appinvite_service": {
          "other_platform_oauth_client": [
            {
              "client_id": "382582681248-pvt1hs3e95ccraojt5dtqsjdv7jn29ke.apps.googleusercontent.com",
              "client_type": 3
            }
          ]
        }
      }
    }
  ],
  "configuration_version": "1"
}